Project	Hugo_Symbol	Variant_Classification	Variant_Type	Tumor_Sample_Barcode
CPTAC-2	B2M	Frame_Shift_Del	DEL	4d86cf19-8d5b-46b5-ab4c-ace0b2_D6
CPTAC-2	B2M	Missense_Mutation	SNP	4976cbf9-cad4-48ce-b234-622c70_D6
CPTAC-2	B2M	5'UTR	SNP	fe4b3b1c-9f7f-4109-8a76-ca1d6f_D6_1
Ovarian_Cancer	B2M	Frame_Shift_Del	DEL	e3ebe010-cd31-4b5d-8fcb-b7103b_D6
CPTAC-2	HLA-A	Frame_Shift_Del	DEL	d4afb9cf-2f90-44b9-bd60-d03069_D10
CPTAC-2	HLA-C	Nonsense_Mutation	SNP	d4afb9cf-2f90-44b9-bd60-d03069_D10
CPTAC-2	HLA-B	Missense_Mutation	SNP	d4afb9cf-2f90-44b9-bd60-d03069_D10
CPTAC-2	HLA-B	Splice_Region	SNP	d0511ea6-43c3-4c61-b08e-cf49b7_D6_1
CPTAC-2	B2M	Translation_Start_Site	SNP	2d266d2d-4bb3-436c-a3e7-06acb2_D6
CPTAC-2	B2M	Frame_Shift_Del	DEL	2d266d2d-4bb3-436c-a3e7-06acb2_D6
CPTAC-2	HLA-B	Frame_Shift_Ins	INS	17cd2121-d347-431c-9cc7-fbab14_D6
CPTAC-2	B2M	Frame_Shift_Del	DEL	8960a27e-69d8-4ec8-a795-c6cf8a_D6
CPTAC-2	B2M	Frame_Shift_Del	DEL	8960a27e-69d8-4ec8-a795-c6cf8a_D6
CPTAC-2	B2M	Splice_Site	SNP	9899e1ad-62e1-4cc2-91fc-49b85c_D6
CPTAC-2	HLA-A	Frame_Shift_Ins	INS	3d797911-d476-436f-9cce-33e20c_D6
CPTAC-2	HLA-C	Missense_Mutation	SNP	3d797911-d476-436f-9cce-33e20c_D6
CPTAC-2	HLA-B	Splice_Site	ONP	3d797911-d476-436f-9cce-33e20c_D6
CPTAC-2	B2M	Frame_Shift_Del	DEL	f2a13f8d-b129-4567-beae-049b15_D6_2
CPTAC-2	HLA-B	Intron	SNP	c8694e31-2c8f-4eb6-a7ef-a137d9_D6_1
CPTAC-2	B2M	Frame_Shift_Del	DEL	695b0b00-a86b-43c0-a6c8-50a840_D6
CPTAC-2	HLA-A	Frame_Shift_Del	DEL	be2d5946-3452-4003-880a-e0372e_D6_2
CPTAC-2	HLA-B	Frame_Shift_Del	DEL	be2d5946-3452-4003-880a-e0372e_D6_2
CPTAC-2	HLA-A	Frame_Shift_Del	DEL	7cc7f69f-99f5-4b23-a9e0-ba0dc8_D6
CPTAC-2	HLA-A	Missense_Mutation	SNP	8af80ae9-2088-4124-91fb-8d6c17_D6_1
CPTAC-2	HLA-A	Frame_Shift_Del	DEL	8af80ae9-2088-4124-91fb-8d6c17_D6_1
CPTAC-2	HLA-C	Nonsense_Mutation	SNP	8af80ae9-2088-4124-91fb-8d6c17_D6_1
CPTAC-2	HLA-C	Missense_Mutation	SNP	8c73f3a5-fea8-4942-90c0-966f66_D6_2
CPTAC-2	B2M	Frame_Shift_Del	DEL	fd4edc52-09ef-4b01-be7c-f23f05_D6_1
CPTAC-2	B2M	Frame_Shift_Ins	INS	fd4edc52-09ef-4b01-be7c-f23f05_D6_1
CPTAC-2	HLA-C	3'UTR	SNP	f4bccfe4-98d0-466b-a6d7-44341b_D6_1
Breast_Cancer	HLA-A	Missense_Mutation	SNP	436297af-feb7-4754-96b7-c5bfb5_D6_1
CPTAC-2	HLA-C	Missense_Mutation	SNP	7a0266b4-b07c-41dc-8ddd-350e1b_D6
CPTAC-2	HLA-B	Missense_Mutation	SNP	7a0266b4-b07c-41dc-8ddd-350e1b_D6
CPTAC-2	B2M	Translation_Start_Site	SNP	416bb805-e4cd-4ca6-8fdd-1eec2d_D6
CPTAC-2	B2M	Frame_Shift_Del	DEL	416bb805-e4cd-4ca6-8fdd-1eec2d_D6
CPTAC-2	B2M	Intron	DEL	c952715e-35ca-4e18-ad6f-dd4e39_D6_1
Breast_Cancer	B2M	Frame_Shift_Del	DEL	d0ce3c06-9c4c-41bd-b583-9254b0_D6_1
Ovarian_Cancer	HLA-C	Missense_Mutation	SNP	1c9145ad-1981-4871-aa7e-8b11de_D6
